{"title": {"original_ire": 0.9444444444444444, "ire": 0.8759673139636144}, "abstract": {"original_ire": 0.6783249158249158, "ire": 0.5647107711200857}, "claim": {"original_ire": 0.5459372649899114, "ire": 0.5272787019777831}}