{"title": {"precision": 0.58, "recall": 0.6483333333333333, "f1-score": 0.5923333333333334}, "abstract": {"precision": 0.3670099206349205, "recall": 0.5416338661338662, "f1-score": 0.37106069999981023}, "claim": {"precision": 0.32896943001500745, "recall": 0.5243309345307628, "f1-score": 0.3653650343453005}}