{"first specific voltage": 0.16996308401687835, "series regulator": 0.1037259301849241, "voltage value": 0.028637312195411123, "power supply circuit": 0.021922753465507868, "switching regulator": 0.0213605932894724, "output stage": 0.01757967539182232, "electric charge": 0.017370843112088325, "switching element": 0.016843645028887626, "control circuit": 0.01508043187566046, "battery voltage": 0.01339136685560462, "second specific voltage": 0.0}
{"semiconductor substrate": 0.1830198884755745, "epitaxial layer": 0.18131748195713843, "first type doping ions": 0.10724160308250442, "gate structure": 0.10593325457619855, "first type": 0.08620204322072897, "top surface": 0.04386999466532697, "second type doping ions": 0.03359537214632115, "doping type": 0.025537889075019842, "pinning layer": 0.02369307272075143, "type opposite": 0.01868377569878645, "second type": 0.01830339708567968, "floating diffusion region": 0.016858542593040416, "diffusion region": 0.016858542593040416, "forming isolation layers": 0.01565192231586872, "side surfaces": 0.013884967443476632, "isolation layers": 0.010673293580903083, "cmos transistor": 0.0006190987926987502, "pixel structure": 0.0}
{"preview image": 0.16514225378824895, "photo file": 0.07481884294048004, "focus adjustment command": 0.04036137290597083, "photograph-taking command": 0.03715865316873319, "first timing point": 0.03280559257477163, "second timing point": 0.03171603486124369, "low-resolution images": 0.008255133930029412, "generated high-resolution images": 0.004080618833054878, "high-resolution images": 0.0}
{"core power set": 0.3877367209479985, "ground power set": 0.3869787260465567, "input/output voltage paths": 0.3862190517290601, "power ground": 0.36658914977731116, "input/output power set": 0.3658161142245935, "die package": 0.34725066682010386, "core voltage": 0.34362532921497263, "ground ring": 0.3345554642929276, "b ) core paths": 0.3316893682317733, "core ring": 0.33165725150131087, "contact pads": 0.33035430928234893, "power set": 0.3210818057581153, "core paths": 0.3209726917484389, "ground paths": 0.32050625385608117, "input/output voltages": 0.297114753825268, "power input": 0.292299687809369, "input/output ring": 0.28125090600329, "ring segments": 0.26509124800602146, "single connector pitch": 0.1780598656826285, "first conductive layer": 0.15428257685105295, "second conductive layer": 0.14737154042444295, "c ) input/output voltage paths": 0.12724239889758127, "output circuits": 0.08800040525881211, "least one particular ring segment": 0.052507312019464396, "power input and output circuits": 0.0}
{"audio data": 0.2216433314771451, "power pwm stage": 0.21163273331226945, "dc voltage": 0.20462079194576704, "data rate": 0.12622509504143034, "more pwm output stages": 0.10650942827147074, "given clock operating speed": 0.10462818774353558, "input audio data resolution": 0.10175884168667988, "sample packet distribution algorithm": 0.09477642226374777, "class d amplifier": 0.0935232508938819, "audio band": 0.09344419145357044, "pwm timing": 0.092155190243655, "pwm output stages": 0.08442947321539375, "time-division multiplexing": 0.08074575580034685, "finesse pwm stage": 0.08068317419797744, "time resolution": 0.07528751741435394, "pwm stages.a micro controller": 0.07256110312926506, "micro controller": 0.0708421362023389, "more resolution": 0.07079754690938653, "increased dynamic range": 0.06975995046027317, "pwm stages": 0.06804251386798633, "digital data stream": 0.06675431675297934, "low pass filter": 0.06356309499276026, "low pass": 0.06356309499276026, "data samples": 0.05765031578700232, "other compatible media": 0.04747796265146506, "sampling factor m": 0.037256340891893155, "other rate appropriate": 0.034199679509064225, "other rate": 0.034199679509064225, "k.internal switching frequency": 0.02722683698374629, "k least significant bits": 0.024516815374362504, "precision oscillator": 0.02236688027756404, "j and k.internal switching frequency": 0.0}
{"feedback signal": 0.1827431363087039, "primary winding": 0.14802597314091293, "switching element": 0.14205239344874748, "switching frequency": 0.11894908900566781, "secondary winding": 0.1155684658165505, "output voltage": 0.10199096662759086, "rectifying-smoothening circuit": 0.0932826631082888, "switching circuit": 0.04999875260661723, "error voltage": 0.041830090087418975, "light load state": 0.03169214953626963, "primary side": 0.024781025122911284, "error amplifier": 0.02253653475011915, "output unit": 0.01797287777302129, "dc voltage": 0.01688009667516243, "frequency correction circuit": 0.006683479155105258, "frequency correction rate": 0.00454226816342418, "rectifying-smoothening circuit rectifies": 0.0031647691592706795, "reference voltage": 0.0028460814693701, "pulse voltage": 0.0009241957167627466, "approximate line": 0.0}
{"switchable load": 0.18771801700433519, "first embodiment": 0.07119114160096295, "anti-glow switchable load apparatus": 0.061801049487162, "switchable light source": 0.06145712260267887, "motion activated light switch": 0.0612308708886085, "light switch": 0.05909704627171692, "electronic switching device": 0.058051288814701764, "light socket": 0.04699890468670337, "energy efficient light bulb": 0.045758343739787904, "energy efficient lamp": 0.04532587278019064, "light emitting diode": 0.043136857897241684, "light bulb": 0.043136857897241684, "\u00e2\u0080\u009coff\u00e2\u0080\u009d state": 0.041204581082080555, "commonly powered electronic switching device": 0.03009266460855785, "voltage sensor": 0.02980315297869134, "higher voltage": 0.016176226515007497, "anti-flicker and anti-glow switchable load apparatus": 0.0}
{"power device package": 0.20444539472127493, "semiconductor chips": 0.19810597659685494, "optional sealing member": 0.10959316791958104, "more power semiconductor chips": 0.10209796575805202, "power semiconductor chips": 0.09972113922843429, "more control semiconductor chips": 0.09898855825684943, "least a part": 0.09652850533979854, "control semiconductor chips": 0.09599158270149918, "lead frame": 0.0916810653106836, "mounting semiconductor chips": 0.0907185186326537, "wiring pattern": 0.08779043532209345, "more recesses": 0.08642922178693252, "second surface opposite": 0.008632921722301644, "first surface": 0.00012081088253793193, "second surface": 0.0}
{"access device": 0.21022201184248823, "broadband access gateway": 0.16393672648782243, "wireless local area network": 0.1134790044884594, "local area network": 0.11129407955641642, "broadband network": 0.10991033162448409, "wide area network": 0.1052290330668414, "personal area network": 0.09875065100645804, "wireless personal digital assistant": 0.0645194288810425, "personal digital assistant": 0.050345766332018864, "identifying information": 0.04764263856091171, "mobile multimedia handset": 0.046440194413823306, "third party content provider": 0.040621281638825675, "firmware/software update and/or": 0.034574347840719034, "personal area network and/or wireless local area network": 0.0}
{"fibrous conductive materials": 0.19931618230904416, "conductive material": 0.1376029886868876, "active-material powder": 0.13666249181584092, "electric connection": 0.1207412160409821, "electrode material": 0.09707231566786001, "high output": 0.017312661113566732, "said active-material powder": 0.016249490073175346, "carbonaceous material": 0.014446930560417804, "conventional conductive materials": 0.013922199732652912, "secondary batteries": 0.005787327362265811, "secondary battery": 0.0}
{"integrated circuit": 0.25063288252336746, "relatively high circuit density": 0.1922047019303142, "high circuit density": 0.1922047019303142, "relatively fast transistors": 0.18229512818772592, "fast transistors": 0.18229512818772592, "circuit device": 0.1696256034938284, "closed gate geometry": 0.14892426711512927, "self-aligned gate techniques": 0.0320671618937084, "self-aligned gate": 0.0320671618937084, "other transistors": 0.013212880845915955,