{"first specific voltage": 0.1707275004300256, "series regulator": 0.10370626927324188, "power supply circuit": 0.03260578536399569, "battery voltage": 0.0277672298047253, "output stage": 0.02614815549182159, "control circuit": 0.02069957871233916, "switching regulator": 0.020417040147791665, "electric charge": 0.017427228296784506, "switching element": 0.014559535057760581, "voltage value": 0.008460263912271568, "second specific voltage": 0.0}
{"epitaxial layer": 0.1841989884547845, "semiconductor substrate": 0.17844467693476534, "first type": 0.09967295212423556, "first type doping ions": 0.09462627084486758, "gate structure": 0.0827465062382404, "pinning layer": 0.027648151727091376, "floating diffusion region": 0.02721215451824718, "forming isolation layers": 0.02388722266168484, "side surfaces": 0.021784988936473963, "top surface": 0.02068013629343651, "diffusion region": 0.020124662800891417, "second type": 0.019506332879647714, "cmos transistor": 0.01782549417756284, "isolation layers": 0.016756727548782484, "second type doping ions": 0.013234486504831233, "type opposite": 0.006109172121844752, "doping type": 0.004448879074707831, "pixel structure": 0.0}
{"preview image": 0.1852924226422655, "photo file": 0.15314378237765203, "photograph-taking command": 0.06737012896883328, "focus adjustment command": 0.06719820911967755, "first timing point": 0.06297583162020949, "second timing point": 0.060362092107725876, "low-resolution images": 0.016361891859843262, "generated high-resolution images": 0.007954827741200307, "high-resolution images": 0.0}
{"input/output voltage paths": 0.3813082655869099, "core power set": 0.3645119163828454, "die package": 0.36319120482059686, "input/output power set": 0.3600195066147406, "contact pads": 0.35008742792744313, "input/output voltages": 0.3472377630264978, "power ground": 0.3437094515865021, "ground power set": 0.3385133578030464, "ground paths": 0.32613223916111744, "core voltage": 0.3242631842335891, "core paths": 0.3228961780293423, "core ring": 0.31628232607981777, "b ) core paths": 0.3122741616595254, "input/output ring": 0.3051968938428704, "ground ring": 0.3011239356692972, "power input": 0.29996920202332944, "power set": 0.2737062632494015, "ring segments": 0.2545412135137447, "first conductive layer": 0.1688972925168089, "output circuits": 0.15723468768689675, "second conductive layer": 0.14442773178844104, "single connector pitch": 0.09723010595235994, "c ) input/output voltage paths": 0.09295224784061083, "power input and output circuits": 0.013485172224884242, "least one particular ring segment": 0.0}
{"audio data": 0.21100035031114417, "n bits": 0.20746108901664284, "significant bits": 0.20058505232846058, "power pwm stage": 0.1972201672253593, "dc voltage": 0.18056018233382154, "preferred embodiment": 0.12537517563256265, "given clock operating speed": 0.11626810345116437, "compact disk": 0.10851587368882758, "appropriate performance": 0.10408827997510639, "quantization noise": 0.09943102083174665, "sampling factor m": 0.09787111705908638, "input audio data resolution": 0.0823341888273785, "sample packet distribution algorithm": 0.08001621913910435, "other rate appropriate": 0.07997344410071691, "audio band": 0.07730517133789443, "precision oscillator": 0.0750484736031112, "vlo.the ratio": 0.07276055074442758, "pwm stages.a micro controller": 0.07081343876999144, "data rate": 0.0706806433126688, "k least significant bits": 0.06908810731515518, "other compatible media": 0.06897556140164318, "other rate": 0.0677498807633186, "more pwm output stages": 0.06667616451675963, "time-division multiplexing": 0.06655229226891479, "increased dynamic range": 0.06290716739587689, "pwm output stages": 0.06258865852603923, "improved linearity": 0.06052211342520879, "j most significant bits": 0.05751563307885371, "dynamic range": 0.055280859716262426, "pwm stages": 0.054571381402039834, "full range": 0.05288151772453624, "low pass filter": 0.05258555079216087, "finesse pwm stage": 0.051567871837797805, "more resolution": 0.04878322878325422, "time resolution": 0.04722738780201014, "pwm timing": 0.04064581481483707, "low pass": 0.03729200973410633, "micro controller": 0.035712324369406814, "class d amplifier": 0.02330970496029512, "k.internal switching frequency": 0.014330240704593272, "j and k.internal switching frequency": 0.014220698969619413, "digital data stream": 0.003651889236948134, "data samples": 0.0}
{"feedback signal": 0.18576379667288687, "secondary winding": 0.11859825168156461, "primary winding": 0.11808951173092253, "switching element": 0.11635435009740466, "rectifying-smoothening circuit": 0.10621079390904137, "switching frequency": 0.09966935889153894, "output voltage": 0.09146846713853067, "error amplifier": 0.04531331463016921, "rectifying-smoothening circuit rectifies": 0.03555886506084708, "switching circuit": 0.033853862719988956, "light load state": 0.03207377009482656, "error voltage": 0.031709432618845686, "pulse voltage": 0.026284921530021776, "output unit": 0.025890769111622688, "primary side": 0.02462619986199699, "dc voltage": 0.014379102711180494, "approximate line": 0.01321901463229617, "frequency correction circuit": 0.009533646310319265, "frequency correction rate": 0.006452077664126445, "reference voltage": 0.0}
{"switchable load": 0.20041221528882194, "present invention": 0.14944408529091815, "first embodiment": 0.10241755400812523, "cathode fluorescent lamp": 0.07151236875746475, "motion activated light switch": 0.07081785164307623, "anti-glow switchable load apparatus": 0.07046572129822998, "fluorescent lamp": 0.07046094593796902, "switchable light source": 0.06467779075040321, "light switch": 0.06465031603856694, "light emitting diode": 0.06226188024538509, "electronic switching device": 0.05955177647047974, "\u00e2\u0080\u009coff\u00e2\u0080\u009d state": 0.05570633131833695, "light bulb": 0.053404784897122325, "light socket": 0.051111353575872195, "energy efficient lamp": 0.050083096553993754, "energy efficient light bulb": 0.050053401231226, "voltage sensor": 0.04274834735140984, "higher voltage": 0.03149625739166561, "commonly powered electronic switching device": 0.027933497448215744, "anti-flicker and anti-glow switchable load apparatus": 0.0}
{"semiconductor chips": 0.2015758018698262, "power device package": 0.19502843023074923, "operational reliability": 0.09667051893170303, "least a part": 0.09522601511122127, "more power semiconductor chips": 0.08089042645301223, "power semiconductor chips": 0.07861182384689488, "control semiconductor chips": 0.07480061014700484, "more control semiconductor chips": 0.06836650917222804, "wiring pattern": 0.06580480351755391, "mounting semiconductor chips": 0.06186669856453168, "optional sealing member": 0.058376380420039654, "lead frame": 0.0476313922163994, "more recesses": 0.04328336094265277, "second surface opposite": 0.02540780618183256, "first surface": 0.00840423133738651, "second surface": 0.0}
{"access device": 0.20880263683546585, "broadband access gateway": 0.15833318022748571, "wireless local area network": 0.10607003483810494, "broadband network": 0.10579971110511469, "personal area network": 0.10496726657054947, "local area network": 0.10434350498430774, "wide area network": 0.10222795563510305, "mobile multimedia handset": 0.06701555474065113, "third party content provider": 0.062140042189790315, "firmware/software updates": 0.06158220747597243, "over-the-air programming": 0.061163238498524355, "identifying information": 0.05915499720383423, "wireless personal digital assistant": 0.0588109610688691, "personal digital assistant": 0.05823273177322848, "firmware/software update and/or": 0.05766721595687893, "personal area network and/or wireless local area network": 0.0}
{"fibrous conductive materials": 0.19242162273287267, "active-material powder": 0.13587735740787218, "conductive material": 0.13123619724137123, "electric connection": 0.11357500392061837, "electrode material": 0.07996450144816605,