{"power supply circuit": 1.0}
{"pixel structures": 0.16098171894191424, "fabrication method thereof": 0.0472972260146514, "fabrication method": 0.0}
{"device therefor": 0.15672795287725763, "low-resolution and high-resolution images": 0.047794332519884894, "high-resolution images": 0.0}
{"many voltage splits": 0.18266844729137213, "flexible split locations": 0.14885172550337783, "ball grid array": 0.02840370918313941, "ball grid array package": 0.0}
{"improved performance": 0.15000000000000002, "digital amplifier": 0.0}
{"switched-mode power supply device": 0.15000000000000002, "switched-mode power supply": 0.0}
{"anti-flicker apparatus": 0.15000000000000002, "motion detector": 0.0}
{"power device package": 1.0}
{"broadband access gateway": 0.15000000000000002, "air programming": 0.0}
{"same and secondary battery": 0.19026847501323244, "production process": 0.1660211529877077, "secondary battery": 0.0}
{"integrated circuit": 0.21492103844890492, "circuit device": 0.15806741255475815, "integrated circuit device": 0.15506738825248464, "n-channel and p-channel insulated gate field effect transistors": 0.005219598791004023, "p-channel insulated gate field effect transistors": 0.0}
{"video stabilization": 1.0}
{"multi-camera dataset assembly": 0.15000000000000002, "high precision timestamp requirements": 0.0}
{"battery safety unit": 1.0}
{"unit cell switching function": 0.15000000000000002, "unit cell": 0.0}
{"xor logic circuit": 0.15000000000000002, "logic circuit": 0.0}
{"surface heating equipment": 1.0}
{"teamed communication ports": 0.18494036440955486, "computer systems": 0.14500815216329735, "multicast group join request": 0.03098717292957006, "multicast group": 0.0}
{"request triggers": 0.15000000000000002, "scheduling request triggers": 0.0}
{}
