{"power supply circuit": 1.0}
{"fabrication method thereof": 0.15000000000000002, "fabrication method": 0.0}
{"device therefor": 0.15102782961345942, "low-resolution and high-resolution images": 0.02304309364583368, "high-resolution images": 0.0}
{"flexible split locations": 0.17627447806222835, "ball grid array package": 0.10175912208234195, "many voltage splits": 0.0}
{"digital amplifier": 1.0}
{"switched-mode power supply device": 0.15000000000000002, "switched-mode power supply": 0.0}
{"anti-flicker apparatus": 0.15000000000000002, "motion detector": 0.0}
{"power device package": 1.0}
{"broadband access gateway": 1.0}
{"production process": 0.18822510722629454, "same and secondary battery": 0.15675247263934117, "secondary battery": 0.0}
{"integrated circuit device": 0.26424745270234706, "integrated circuit": 0.24895341562518095, "circuit device": 0.23387433834126348, "p-channel insulated gate field effect transistors": 0.060398174001253, "n-channel and p-channel insulated gate field effect transistors": 0.0}
{"video stabilization": 1.0}
{"high precision timestamp requirements": 1.0}
{"battery safety unit": 1.0}
{"unit cell switching function": 0.15000000000000002, "unit cell": 0.0}
{"logic circuit": 0.15000000000000002, "xor logic circuit": 0.0}
{"surface heating equipment": 1.0}
{"teamed communication ports": 0.18136575442102315, "computer systems": 0.13511593658458854, "multicast group join request": 0.02454384459034032, "multicast group": 0.0}
{"request triggers": 0.15000000000000002, "scheduling request triggers": 0.0}
{}
