{"title": {"original_ire": NaN, "ire": NaN}, "abstract": {"original_ire": 0.23214285714285715, "ire": 0.03391083722699907}, "claim": {"original_ire": 0.18095238095238095, "ire": 0.02403301885744366}}