{"title": {"original_ire": 0.9157894736842105, "ire": 0.7579826626556445}, "abstract": {"original_ire": 0.6301952761290996, "ire": 0.5814928553648006}, "claim": {"original_ire": 0.402126407177917, "ire": 0.36341157926722983}}