{"title": {"precision": 0.675, "recall": 0.6216666666666666, "f1-score": 0.6266666666666666}, "abstract": {"precision": 0.37072072453690097, "recall": 0.532241341991342, "f1-score": 0.4015062657500738}, "claim": {"precision": 0.24740986268848805, "recall": 0.3276902979575278, "f1-score": 0.24363730857570812}}