{"title": {"precision": 0.61, "recall": 0.6466666666666666, "f1-score": 0.609}, "abstract": {"precision": 0.4301057635175283, "recall": 0.6171273448773449, "f1-score": 0.46100230152282917}, "claim": {"precision": 0.3422323294169207, "recall": 0.4525273483004335, "f1-score": 0.34085838326223383}}